Workbook

Sheet CF
A1: No. | B1: Name | C1: Unit | E1: Atomic mass | F1: Method | G1: ReciPe (H) V1.13 / World ReCiPe H/A | AS1: Endpoint (H) Global
G2: Midpoint LCIA result per unit | Z2: Normalized midpoint | AS2: Endpoint pathway result per unit | BP2: Damage result per unit | BT2: Normalized endpoint result per unit | BX2: Weighted result per unit
E3: g/mol | F3: Secondary data | G3: Global warming | H3: Stratospheric ozone depletion | I3: Ionizing radiation | J3: Ozone formation, Human health | K3: Fine particulate matter formation | L3: Ozone formation, Terrestrial ecosystems | M3: Terrestrial acidification | N3: Freshwater eutrophication | O3: Marine eutrophication | P3: Terrestrial ecotoxicity | Q3: Freshwater ecotoxicity | R3: Marine ecotoxicity | S3: Human carcinogenic toxicity | T3: Human non-carcinogenic toxicity | U3: Land use | V3: Mineral resource scarcity | W3: Fossil resource scarcity | X3: Water consumption | Z3: {=G3:X3} -> Global warming | AA3: Stratospheric ozone depletion | AB3: Ionizing radiation | AC3: Ozone formation, Human health | AD3: Fine particulate matter formation | AE3: Ozone formation, Terrestrial ecosystems | AF3: Terrestrial acidification | AG3: Freshwater eutrophication | AH3: Marine eutrophication | AI3: Terrestrial ecotoxicity | AJ3: Freshwater ecotoxicity | AK3: Marine ecotoxicity | AL3: Human carcinogenic toxicity | AM3: Human non-carcinogenic toxicity | AN3: Land use | AO3: Mineral resource scarcity | AP3: Fossil resource scarcity | AQ3: Water consumption | AS3: Global warming, Human health | AT3: Global warming, Terrestrial ecosystems | AU3: Global warming, Freshwater ecosystems | AV3: Stratospheric ozone depletion | AW3: Ionizing radiation | AX3: Ozone formation, Human health | AY3: Fine particulate matter formation | AZ3: Ozone formation, Terrestrial ecosystems | BA3: Terrestrial acidification | BB3: Freshwater eutrophication | BC3: Marine eutrophication | BD3: Terrestrial ecotoxicity | BE3: Freshwater ecotoxicity | BF3: Marine ecotoxicity | BG3: Human carcinogenic toxicity | BH3: Human non-carcinogenic toxicity | BI3: Land use | BJ3: Mineral resource scarcity | BK3: Fossil resource scarcity | BL3: Water consumption, Human health | BM3: Water consumption, Terrestrial ecosystems | BN3: Water consumption, Aquatic ecosystems | BP3: Human Health | BQ3: Ecosystems | BR3: Resources | BT3: HH | BU3: ES | BV3: RS | BX3: HH | BY3: ES | BZ3: RS
F4: Abbrs. | G4: GWP | H4: SOD | I4: IR | J4: OF-HH | K4: FPMF | L4: OF-TE | M4: TA | N4: FE | O4: ME | P4: TET | Q4: FET | R4: MET | S4: HCT | T4: HNT | U4: LU | V4: MRS | W4: FRS | X4: WC | Z4: GWP | AA4: SOD | AB4: IR | AC4: OF-HH | AD4: FPMF | AE4: OF-TE | AF4: TA | AG4: FE | AH4: ME | AI4: TET | AJ4: FET | AK4: MET | AL4: HCT | AM4: HNT | AN4: LU | AO4: MRS | AP4: FRS | AQ4: WC | AS4: GW-HH | AT4: GW-TE | AU4: GW-FE | AV4: SOD-HH | AW4: IR-HH | AX4: OF-HH | AY4: FPMF-HH | AZ4: OF-TE | BA4: TA-TE | BB4: FE-FE | BC4: ME | BD4: TET | BE4: FET | BF4: MET | BG4: HCT-HH | BH4: HNT-HH | BI4: LU-TE | BJ4: MRS-R | BK4: FRS-R | BL4: WC-HH | BM4: WC-TE | BN4: WC-AE | BP4: DALY | BQ4: species.yr | BR4: USD2013 | BT4: DALY/person/year | BU4: species⋅yr/person/year | BV4: USD2013/person/year | BX4: mPt | BY4: mPt | BZ4: mPt
F5: Ecoinvent 3 - allocation | G5: kg CO2 eq | H5: kg CFC-11 eq | I5: kBq Co-60 eq | J5: kg NOx eq | K5: kg PM2.5 eq | L5: kg NOx eq | M5: kg SO2 eq | N5: kg P eq | O5: kg N eq | P5: kg 1,4-DCB | Q5: kg 1,4-DCB | R5: kg 1,4-DCB | S5: kg 1,4-DCB | T5: kg 1,4-DCB | U5: m2 x yr crop eq | V5: kg Cu eq | W5: kg oil eq | X5: m3 | Z5: kg CO2 eq/person/year | AA5: kg CFC-11 eq/person/year | AB5: kBq Co-60 eq/person/year | AC5: kg NOx eq/person/year | AD5: kg PM2.5 eq/person/year | AE5: kg NOx eq/person/year | AF5: kg SO2 eq/person/year | AG5: kg P eq/person/year | AH5: kg N eq/person/year | AI5: kg 1,4-DCB/person/year | AJ5: kg 1,4-DCB/person/year | AK5: kg 1,4-DCB/person/year | AL5: kg 1,4-DCB/person/year | AM5: kg 1,4-DCB/person/year | AN5: m2 x yr crop eq/person/year | AO5: kg Cu eq/person/year | AP5: kg oil eq/person/year | AQ5: m3/person/year | AS5: DALY/(kg CO₂ eq) | AT5: species·yr/(kg CO₂ eq) | AU5: species·yr/(kg CO₂ eq) | AV5: DALY/(kg CFC-11 eq) | AW5: DALY/(kBq Co-60 eq) | AX5: DALY/(kg NOₓ eq) | AY5: DALY/(kg PM2.5 eq) | AZ5: species·yr/(kg NOₓ eq) | BA5: species·yr/(kg SO₂ eq) | BB5: species·yr/(kg P eq) | BC5: species·yr/(kg N eq) | BD5: species·yr/(kg 1,4-DCB) | BE5: species·yr/(kg 1,4-DCB) | BF5: species·yr/(kg 1,4-DCB) | BG5: DALY/(kg 1,4-DCB) | BH5: DALY/(kg 1,4-DCB) | BI5: species·yr/(m²·a crop eq) | BJ5: USD2013/(kg Cu eq) | BK5: USD2013/(kg oil eq) | BL5: DALY/m³ | BM5: species·yr/m³ | BN5: species·yr/m³
B6: Electricity | C6: kWh | F6: Electricity,low voltage {TH}| electricity production,Cut-off, S | G6: 0.797 | H6: 2.13e-07 | I6: 0.00245 | J6: 0.00127 | K6: 0.000732 | L6: 0.00133 | M6: 0.0019 | N6: 0.00051 | O6: 3.25e-05 | P6: 2.1 | Q6: 0.0492 | R6: 0.063 | S6: 0.0383 | T6: 0.851 | U6: 0.00489 | V6: 0.00139 | W6: 0.231 | X6: 0.00337 | Z6: 9.9583229e-05 | AA6: 3.5548966e-06 | AB6: 5.0989316e-06 | AC6: 6.170283e-05 | AD6: 2.8614545e-05 | AE6: 7.5030912e-05 | AF6: 4.6309582e-05 | AG6: 0.00078641221 | AH6: 7.0803571e-06 | AI6: 0.00013839344 | AJ6: 0.0019486022 | AK6: 0.0014497159 | AL6: 0.0037209177 | AM6: 2.7202053e-05 | AN6: 7.9186452e-07 | AO6: 1.1628839e-08 | AP6: 0.00023527778 | AQ6: 1.2612475e-05 | AS6: 7.3851989e-07 | AT6: 2.2222432e-09 | AU6: 6.0986376e-14 | AV6: 1.1311035e-10 | AW6: 2.0835471e-11 | AX6: 1.1561793e-09 | AY6: 4.5916362e-07 | AZ6: 1.7164608e-10 | BA6: 4.0240784e-10 | BB6: 3.4181679e-10 | BC6: 5.5482148e-14 | BD6: 2.4029502e-11 | BE6: 3.403441e-11 | BF6: 6.6221568e-12 | BG6: 1.2726267e-07 | BH6: 1.9465689e-07 | BI6: 4.3326451e-11 | BJ6: 0.00032267863 | BK6: 0.054541664 | BL6: 6.4397027e-09 | BM6: 4.1040601e-11 | BN6: 2.5725444e-15 | BP6: 1.5273329e-06 | BQ6: 3.2872861e-09 | BR6: 0.054864343 | BT6: 6.3633703e-05 | BU6: 2.2223226e-06 | BV6: 1.9571125e-06 | BX6: 25.453481 | BY6: 0.88892905 | BZ6: 0.39142251
B7: Electricity, low voltage [TH] | C7: kWh | F7: photovoltaic 3kWp on roof | G7: 0.0645 | H7: 2.58e-08 | I7: 0.00473 | J7: 0.000181 | K7: 0.000155 | L7: 0.000191 | M7: 0.000347 | N7: 4.4e-05 | O7: 3.35e-06 | P7: 2.27 | Q7: 0.0303 | R7: 0.0385 | S7: 0.00922 | T7: 0.272 | U7: 0.00195 | V7: 0.00108 | W7: 0.0163 | X7: 0.00226 | Z7: 8.0591195e-06 | AA7: 4.305931e-07 | AB7: 9.8440598e-06 | AC7: 8.7938679e-06 | AD7: 6.0590909e-06 | AE7: 1.0775116e-05 | AF7: 8.4575921e-06 | AG7: 6.7847328e-05 | AH7: 7.2982143e-07 | AI7: 0.00014959672 | AJ7: 0.0012000538 | AK7: 0.0008859375 | AL7: 0.00089574051 | AM7: 8.6944282e-06 | AN7: 3.1577419e-07 | AO7: 9.0353571e-09 | AP7: 1.6601852e-05 | AQ7: 8.4582178e-06 | AS7: 5.9767293e-08 | AT7: 1.7984277e-10 | AU7: 4.9355348e-15 | AV7: 1.370069e-11 | AW7: 4.0225216e-11 | AX7: 1.6477831e-10 | AY7: 9.7227268e-08 | AZ7: 2.4649925e-11 | BA7: 7.3492379e-11 | BB7: 2.9490076e-11 | BC7: 5.7189291e-15 | BD7: 2.5974747e-11 | BE7: 2.0960216e-11 | BF7: 4.0468736e-12 | BG7: 3.0636078e-08 | BH7: 6.2217008e-08 | BI7: 1.7277419e-11 | BJ7: 0.00025071433 | BK7: 0.0038486109 | BL7: 4.3186137e-09 | BM7: 2.7522777e-11 | BN7: 1.7252078e-15 | BP7: 2.5438497e-07 | BQ7: 4.0326956e-10 | BR7: 0.0040993253 | BT7: 1.0598513e-05 | BU7: 2.7262461e-07 | BV7: 1.4623051e-07 | BX7: 4.2394051 | BY7: 0.10904984 | BZ7: 0.029246102
B8: Titanium dioxide | C8: kg | D8: TiO2 | F8: Titanium dioxide {RoW} market for titanium dioxide | G8: 6.84 | H8: 1.98e-06 | I8: 0.215 | J8: 0.0179 | K8: 0.0159 | L8: 0.0184 | M8: 0.041 | N8: 0.00427 | O8: 0.000266 | P8: 37 | Q8: 0.482 | R8: 0.64 | S8: 0.339 | T8: 10.4 | U8: 0.321 | V8: 0.97 | W8: 1.6 | X8: 0.0659 | Z8: 0.00085464151 | AA8: 3.3045517e-05 | AB8: 0.00044745726 | AC8: 0.00086966981 | AD8: 0.00062154545 | AE8: 0.0010380216 | AF8: 0.00099931204 | AG8: 0.0065842748 | AH8: 5.795e-05 | AI8: 0.0024383607 | AJ8: 0.019089964 | AK8: 0.014727273 | AL8: 0.032934494 | AM8: 0.00033243402 | AN8: 5.198129e-05 | AO8: 8.1150893e-06 | AP8: 0.0016296296 | AQ8: 0.00024663564 | AS8: 6.3381129e-06 | AT8: 1.9071698e-08 | AU8: 5.2339625e-13 | AV8: 1.0514483e-09 | AW8: 1.8284189e-09 | AX8: 1.6295755e-08 | AY8: 9.9736359e-06 | AZ8: 2.3746525e-09 | BA8: 8.6835376e-09 | BB8: 2.8618778e-09 | BC8: 4.5410004e-13 | BD8: 4.2337694e-10 | BE8: 3.3342654e-10 | BF8: 6.7272704e-11 | BG8: 1.1264241e-06 | BH8: 2.3788856e-06 | BI8: 2.844129e-09 | BJ8: 0.22517861 | BK8: 0.37777776 | BL8: 1.2592772e-07 | BM8: 8.025447e-10 | BN8: 5.0305839e-14 | BP8: 1.9962162e-05 | BQ8: 3.7463544e-08 | BR8: 0.60295637 | BT8: 0.00083168921 | BU8: 2.5326692e-05 | BV8: 2.1508569e-05 | BX8: 332.67568 | BY8: 10.130677 | BZ8: 4.3017137
B9: Glucose | C9: kg | F9: Glucose {GLO} | market for glucose | Cut-off, S | G9: 1.73 | H9: 7.85e-06 | I9: 0.0827 | J9: 0.00502 | K9: 0.00305 | L9: 0.0052 | M9: 0.00873 | N9: 0.000661 | O9: 0.000976 | P9: 10.6 | Q9: 0.106 | R9: 0.133 | S9: 0.112 | T9: 1.99 | U9: 0.478 | V9: 0.0092 | W9: 0.403 | X9: 0.122 | Z9: 0.00021615933 | AA9: 0.00013101379 | AB9: 0.00017211496 | AC9: 0.00024389623 | AD9: 0.00011922727 | AE9: 0.00029335394 | AF9: 0.00021278034 | AG9: 0.0010192519 | AH9: 0.00021262857 | AI9: 0.00069855738 | AJ9: 0.0041982079 | AK9: 0.0030605114 | AL9: 0.010881013 | AM9: 6.3609971e-05 | AN9: 7.7405161e-05 | AO9: 7.6967857e-08 | AP9: 0.00041046296 | AQ9: 0.00045659406 | AS9: 1.6030607e-06 | AT9: 4.8236898e-09 | AU9: 1.3237946e-13 | AV9: 4.1686208e-09 | AW9: 7.0330346e-10 | AX9: 4.5700945e-09 | AY9: 1.9131817e-06 | AZ9: 6.7109744e-10 | BA9: 1.8489581e-09 | BB9: 4.4302137e-10 | BC9: 1.6661716e-12 | BD9: 1.2129177e-10 | BE9: 7.3326168e-11 | BF9: 1.3980109e-11 | BG9: 3.7215192e-07 | BH9: 4.5519061e-07 | BI9: 4.2351828e-09 | BJ9: 0.0021357147 | BK9: 0.095152773 | BL9: 2.331287e-07 | BM9: 1.4857428e-09 | BN9: 9.3130689e-14 | BP9: 4.5861557e-06 | BQ9: 1.3718182e-08 | BR9: 0.097288488 | BT9: 0.0001910743 | BU9: 9.2739803e-06 | BV9: 3.4704602e-06 | BX9: 76.429722 | BY9: 3.7095921 | BZ9: 0.69409205
B10: คอปเปอร์(II) ซัลเฟต เพนตะไฮเดรต | C10: kg | D10: CuSO₄·5H₂O | E10: 249.69 | G10: 1.9911499 | H10: 3.9175154e-06 | I10: 0.11214515 | J10: 0.018032924 | K10: 0.038521312 | L10: 0.01840838 | M10: 0.1083682 | N10: 0.016924474 | O10: 0.00038312753 | P10: 776.60832 | Q10: 14.204209 | R10: 17.922212 | S10: 0.83234263 | T10: 173.88786 | U10: 0.1304558 | V10: 0.28543219 | W10: 0.5699967 | X10: 0.041596606 | Z10: 0.00024878938 | AA10: 6.5381981e-05 | AB10: 0.00023339609 | AC10: 0.00087612791 | AD10: 0.0015058331 | AE10: 0.0010384944 | AF10: 0.0026413085 | AG10: 0.02609728 | AH10: 8.3467069e-05 | AI10: 0.051179761 | AJ10: 0.56256814 | AK10: 0.41241453 | AL10: 0.080863666 | AM10: 0.0055582922 | AN10: 2.1125422e-05 | AO10: 2.3879461e-06 | AP10: 0.00058055219 | AQ10: 0.00015567839 | AS10: 1.8450487e-06 | AT10: 5.5518436e-09 | AU10: 1.5236263e-13 | AV10: 2.0803358e-09 | AW10: 9.5371305e-10 | AX10: 1.6416766e-08 | AY10: 2.4163367e-05 | AZ10: 2.375734e-09 | BA10: 2.2951691e-08 | BB10: 1.1343273e-08 | BC10: 6.5405348e-13 | BD10: 8.8864339e-09 | BE10: 9.8258511e-09 | BF10: 1.8838682e-09 | BG10: 2.7656956e-06 | BH10: 3.9774935e-05 | BI10: 1.1558664e-09 | BJ10: 0.066261056 | BK10: 0.13458255 | BL10: 7.9486579e-08 | BM10: 5.0657261e-10 | BN10: 3.1753447e-14 | BP10: 6.8647984e-05 | BQ10: 6.4481972e-08 | BR10: 0.2008436 | BT10: 0.0028601004 | BU10: 4.3592113e-05 | BV10: 7.1644627e-06 | BX10: 1144.0402 | BY10: 17.436845 | BZ10: 1.4328925
B11: Deionized water | C11: kg | F11: Water, deionised {RoW} | market for water, deionised | G11: 0.000484 | H11: 4.38e-10 | I11: 3.21e-05 | J11: 1.14e-06 | K11: 1.25e-06 | L11: 1.18e-06 | M11: 3.13e-06 | N11: 2.17e-07 | O11: 1.69e-08 | P11: 0.00717 | Q11: 7.05e-05 | R11: 9.23e-05 | S11: 5.41e-05 | T11: 0.0014 | U11: 1.2e-05 | V11: 5.81e-06 | W11: 0.000114 | X11: 0.000965 | Z11: 6.0474633e-08 | AA11: 7.310069e-09 | AB11: 6.680641e-08 | AC11: 5.5386792e-08 | AD11: 4.8863636e-08 | AE11: 6.6568779e-08 | AF11: 7.6288943e-08 | AG11: 3.3461069e-07 | AH11: 3.6817857e-09 | AI11: 4.7251475e-07 | AJ11: 2.7922043e-06 | AK11: 2.1239489e-06 | AL11: 5.2559177e-06 | AM11: 4.4750733e-08 | AN11: 1.9432258e-09 | AO11: 4.8606875e-11 | AP11: 1.1611111e-07 | AQ11: 3.6115842e-06 | AS11: 4.4848635e-10 | AT11: 1.3495178e-12 | AU11: 3.7035641e-17 | AV11: 2.3259311e-13 | AW11: 2.729872e-13 | AX11: 1.0378302e-12 | AY11: 7.8409087e-10 | AZ11: 1.522875e-13 | BA11: 6.6291397e-13 | BB11: 1.4543969e-13 | BC11: 2.8850717e-17 | BD11: 8.2043585e-14 | BE11: 4.8768819e-14 | BF11: 9.7019853e-15 | BG11: 1.7976267e-10 | BH11: 3.202346e-10 | BI11: 1.0632258e-13 | BJ11: 1.3487502e-06 | BK11: 2.6916665e-05 | BL11: 1.8440098e-09 | BM11: 1.1751982e-11 | BN11: 7.3664848e-16 | BP11: 3.5781277e-09 | BQ11: 1.4309781e-11 | BR11: 2.8265416e-05 | BT11: 1.4907655e-07 | BU11: 9.6739222e-09 | BV11: 1.0082796e-09 | BX11: 0.05963062 | BY11: 0.0038695689 | BZ11: 0.00020165593
B12: Wastewater | C12: m3 | F12: Wastewater, average {RoW} | market for wastewater, average | Cut-off, S | G12: 0.286 | H12: 8.23e-07 | I12: 0.0106 | J12: 0.000682 | K12: 0.000426 | L12: 0.000703 | M12: 0.000832 | N12: 0.00635 | O12: 0.00226 | P12: 1.21 | Q12: 0.0391 | R12: 0.0531 | S12: 0.0492 | T12: 2.2 | U12: 0.00575 | V12: 0.00219 | W12: 0.0579 | X12: -1.9 | Z12: 3.573501e-05 | AA12: 1.3735586e-05 | AB12: 2.2060684e-05 | AC12: 3.3134906e-05 | AD12: 1.6652727e-05 | AE12: 3.9659196e-05 | AF12: 2.0278722e-05 | AG12: 0.0097916031 | AH12: 0.00049235714 | AI12: 7.9740984e-05 | AJ12: 0.0015485842 | AK12: 0.0012219034 | AL12: 0.0047798734 | AM12: 7.0322581e-05 | AN12: 9.3112903e-07 | AO12: 1.8321696e-08 | AP12: 5.8972222e-05 | AQ12: -0.0071108911 | AS12: 2.6501466e-07 | AT12: 7.9744236e-10 | AU12: 2.1884697e-14 | AV12: 4.3704139e-10 | AW12: 9.0145304e-11 | AX12: 6.2087739e-10 | AY12: 2.6721817e-07 | AZ12: 9.0727212e-11 | BA12: 1.7621228e-10 | BB12: 4.2559541e-09 | BC12: 3.8581432e-12 | BD12: 1.384557e-11 | BE12: 2.7047671e-11 | BF12: 5.5815322e-12 | BG12: 1.6348102e-07 | BH12: 5.032258e-07 | BI12: 5.0946236e-11 | BJ12: 0.00050839295 | BK12: 0.013670833 | BL12: -3.6306929e-06 | BM12: -2.3138618e-08 | BN12: -1.450396e-12 | BP12: -2.4306052e-06 | BQ12: -1.7718431e-08 | BR12: 0.014179226 | BT12: -0.00010126699 | BU12: -1.1978292e-05 | BV12: 5.057992e-07 | BX12: -40.506797 | BY12: -4.7913166 | BZ12: 0.10115984

Sheet Analysis
A1: Catalyst product yield | B1: % | C1: 95* | D1: Midpoint LCIA result per unit | W1: Normalized midpoint | AP1: Endpoint pathway result per unit | BM1: Damage result per unit | BQ1: Normalized endpoint result per unit | BU1: Weighted result per unit
D2: Global warming | E2: Stratospheric ozone depletion | F2: Ionizing radiation | G2: Ozone formation, Human health | H2: Fine particulate matter formation | I2: Ozone formation, Terrestrial ecosystems | J2: Terrestrial acidification | K2: Freshwater eutrophication | L2: Marine eutrophication | M2: Terrestrial ecotoxicity | N2: Freshwater ecotoxicity | O2: Marine ecotoxicity | P2: Human carcinogenic toxicity | Q2: Human non-carcinogenic toxicity | R2: Land use | S2: Mineral resource scarcity | T2: Fossil resource scarcity | U2: Water consumption | W2: {=D2:U2} -> Global warming | X2: Stratospheric ozone depletion | Y2: Ionizing radiation | Z2: Ozone formation, Human health | AA2: Fine particulate matter formation | AB2: Ozone formation, Terrestrial ecosystems | AC2: Terrestrial acidification | AD2: Freshwater eutrophication | AE2: Marine eutrophication | AF2: Terrestrial ecotoxicity | AG2: Freshwater ecotoxicity | AH2: Marine ecotoxicity | AI2: Human carcinogenic toxicity | AJ2: Human non-carcinogenic toxicity | AK2: Land use | AL2: Mineral resource scarcity | AM2: Fossil resource scarcity | AN2: Water consumption | AP2: Global warming, Human health | AQ2: Global warming, Terrestrial ecosystems | AR2: Global warming, Freshwater ecosystems | AS2: Stratospheric ozone depletion | AT2: Ionizing radiation | AU2: Ozone formation, Human health | AV2: Fine particulate matter formation | AW2: Ozone formation, Terrestrial ecosystems | AX2: Terrestrial acidification | AY2: Freshwater eutrophication | AZ2: Marine eutrophication | BA2: Terrestrial ecotoxicity | BB2: Freshwater ecotoxicity | BC2: Marine ecotoxicity | BD2: Human carcinogenic toxicity | BE2: Human non-carcinogenic toxicity | BF2: Land use | BG2: Mineral resource scarcity | BH2: Fossil resource scarcity | BI2: Water consumption, Human health | BJ2: Water consumption, Terrestrial ecosystems | BK2: Water consumption, Aquatic ecosystems | BM2: Human Health | BN2: Ecosystems | BO2: Resources | BQ2: HH | BR2: ES | BS2: RS | BU2: HH | BV2: ES | BW2: RS | BX2: Single score
D3: GWP | E3: SOD | F3: IR | G3: OF-HH | H3: FPMF | I3: OF-TE | J3: TA | K3: FE | L3: ME | M3: TET | N3: FET | O3: MET | P3: HCT | Q3: HNT | R3: LU | S3: MRS | T3: FRS | U3: WC | W3: GWP | X3: SOD | Y3: IR | Z3: OF-HH | AA3: FPMF | AB3: OF-TE | AC3: TA | AD3: FE | AE3: ME | AF3: TET | AG3: FET | AH3: MET | AI3: HCT | AJ3: HNT | AK3: LU | AL3: MRS | AM3: FRS | AN3: WC | AP3: GW-HH | AQ3: GW-TE | AR3: GW-FE | AS3: SOD-HH | AT3: IR-HH | AU3: OF-HH | AV3: FPMF-HH | AW3: OF-TE | AX3: TA-TE | AY3: FE-FE | AZ3: ME | BA3: TET | BB3: FET | BC3: MET | BD3: HCT-HH | BE3: HNT-HH | BF3: LU-TE | BG3: MRS-R | BH3: FRS-R | BI3: WC-HH | BJ3: WC-TE | BK3: WC-AE | BM3: DALY | BN3: species.yr | BO3: USD2013 | BQ3: DALY/person/year | BR3: species⋅yr/person/year | BS3: USD2013/person/year | BU3: mPt | BV3: mPt | BW3: mPt | BX3: mPt
D4: kg CO2 eq | E4: kg CFC-11 eq | F4: kBq Co-60 eq | G4: kg NOx eq | H4: kg PM2.5 eq | I4: kg NOx eq | J4: kg SO2 eq | K4: kg P eq | L4: kg N eq | M4: kg 1,4-DCB | N4: kg 1,4-DCB | O4: kg 1,4-DCB | P4: kg 1,4-DCB | Q4: kg 1,4-DCB | R4: m2 x yr crop eq | S4: kg Cu eq | T4: kg oil eq | U4: m3 | W4: kg CO2 eq/person/year | X4: kg CFC-11 eq/person/year | Y4: kBq Co-60 eq/person/year | Z4: kg NOx eq/person/year | AA4: kg PM2.5 eq/person/year | AB4: kg NOx eq/person/year | AC4: kg SO2 eq/person/year | AD4: kg P eq/person/year | AE4: kg N eq/person/year | AF4: kg 1,4-DCB/person/year | AG4: kg 1,4-DCB/person/year | AH4: kg 1,4-DCB/person/year | AI4: kg 1,4-DCB/person/year | AJ4: kg 1,4-DCB/person/year | AK4: m2 x yr crop eq/person/year | AL4: kg Cu eq/person/year | AM4: kg oil eq/person/year | AN4: m3/person/year | AP4: DALY/(kg CO₂ eq) | AQ4: species·yr/(kg CO₂ eq) | AR4: species·yr/(kg CO₂ eq) | AS4: DALY/(kg CFC-11 eq) | AT4: DALY/(kBq Co-60 eq) | AU4: DALY/(kg NOₓ eq) | AV4: DALY/(kg PM2.5 eq) | AW4: species·yr/(kg NOₓ eq) | AX4: species·yr/(kg SO₂ eq) | AY4: species·yr/(kg P eq) | AZ4: species·yr/(kg N eq) | BA4: species·yr/(kg 1,4-DCB) | BB4: species·yr/(kg 1,4-DCB) | BC4: species·yr/(kg 1,4-DCB) | BD4: DALY/(kg 1,4-DCB) | BE4: DALY/(kg 1,4-DCB) | BF4: species·yr/(m²·a crop eq) | BG4: USD2013/(kg Cu eq) | BH4: USD2013/(kg oil eq) | BI4: DALY/m³ | BJ4: species·yr/m³ | BK4: species·yr/m³
A5: Inventory flow | B5: Unit/FU | C5: Conventional Thermal TiO₂
A6: Reference product | B6: g | C6: 1
A7: TiO₂ anatase/precursor | B7: g | C7: 1.052632 | D7: =$C$7*CF!G8/1000 -> 0.0072000029 | E7: =$C$7*CF!H8/1000 -> 2.0842114e-09 | F7: =$C$7*CF!I8/1000 -> 0.00022631588 | G7: =$C$7*CF!J8/1000 -> 1.8842113e-05 | H7: =$C$7*CF!K8/1000 -> 1.6736849e-05 | I7: =$C$7*CF!L8/1000 -> 1.9368429e-05 | J7: =$C$7*CF!M8/1000 -> 4.3157912e-05 | K7: =$C$7*CF!N8/1000 -> 4.4947386e-06 | ... U7: =$C$7*CF!X8/1000 -> 6.9368449e-05 | V7: TiO₂ | W7: =$C$7*CF!Z8/1000 -> 8.99623e-07 | X7: =$C$7*CF!AA8/1000 -> 3.4784769e-08 | Y7: =$C$7*CF!AB8/1000 -> 4.7100784e-07 | Z7: =$C$7*CF!AC8/1000 -> 9.1544227e-07 | AA7: =$C$7*CF!AD8/1000 -> 6.5425863e-07 | AB7: =$C$7*CF!AE8/1000 -> 1.0926548e-06 | AC7: =$C$7*CF!AF8/1000 -> 1.0519078e-06 | AD7: =$C$7*CF!AG8/1000 -> 6.9308184e-06 | ... AN7: =$C$7*CF!AQ8/1000 -> 2.5961657e-07 | AP7: =$C$7*CF!AS8/1000 -> 6.6717005e-09 | AQ7: =$C$7*CF!AT8/1000 -> 2.007548e-11 | AR7: =$C$7*CF!AU8/1000 -> 5.5094364e-16 | AS7: =$C$7*CF!AV8/1000 -> 1.1067881e-12 | AT7: =$C$7*CF!AW8/1000 -> 1.9246523e-12 | AU7: =$C$7*CF!AX8/1000 -> 1.7153434e-11 | AV7: =$C$7*CF!AY8/1000 -> 1.0498568e-08 | AW7: =$C$7*CF!AZ8/1000 -> 2.4996352e-12 | ... BK7: =$C$7*CF!BN8/1000 -> 5.2953536e-17 | BM7: =$C$7*CF!BP8/1000 -> 2.101281e-08 | BN7: =$C$7*CF!BQ8/1000 -> 3.9435325e-11 | BO7: =$C$7*CF!BR8/1000 -> 0.00063469117 | BQ7: =$C$7*CF!BT8/1000 -> 8.7546267e-07 | BR7: =$C$7*CF!BU8/1000 -> 2.6659686e-08 | BS7: =$C$7*CF!BV8/1000 -> 2.2640608e-08 | BU7: =$C$7*CF!BX8/1000 -> 0.35018507 | BV7: =$C$7*CF!BY8/1000 -> 0.010663875 | BW7: =$C$7*CF!BZ8/1000 -> 0.0045281215
A8: D-Glucose | B8: g | C8: 1.6526316 | D8: =$C$8*CF!G9/1000 -> 0.0028590526 | E8: =$C$8*CF!H9/1000 -> 1.2973158e-08 | F8: =$C$8*CF!I9/1000 -> 0.00013667263 | G8: =$C$8*CF!J9/1000 -> 8.2962105e-06 | H8: =$C$8*CF!K9/1000 -> 5.0405263e-06 | I8: =$C$8*CF!L9/1000 -> 8.5936842e-06 | J8: =$C$8*CF!M9/1000 -> 1.4427474e-05 | K8: =$C$8*CF!N9/1000 -> 1.0923895e-06 | ... U8: =$C$8*CF!X9/1000 -> 0.00020162105 | V8: D-Glucose | W8: =$C$8*CF!Z9/1000 -> 3.5723173e-07 | X8: =$C$8*CF!AA9/1000 -> 2.1651753e-07 | Y8: =$C$8*CF!AB9/1000 -> 2.8444261e-07 | Z8: =$C$8*CF!AC9/1000 -> 4.0307061e-07 | AA8: =$C$8*CF!AD9/1000 -> 1.9703876e-07 | AB8: =$C$8*CF!AE9/1000 -> 4.8480599e-07 | AC8: =$C$8*CF!AF9/1000 -> 3.5164752e-07 | AD8: =$C$8*CF!AG9/1000 -> 1.6844479e-06 | ... AN8: =$C$8*CF!AQ9/1000 -> 7.5458176e-07 | AP8: =$C$8*CF!AS9/1000 -> 2.6492688e-09 | AQ8: =$C$8*CF!AT9/1000 -> 7.9717821e-12 | AR8: =$C$8*CF!AU9/1000 -> 2.1877448e-16 | AS8: =$C$8*CF!AV9/1000 -> 6.8891944e-12 | AT8: =$C$8*CF!AW9/1000 -> 1.1623015e-12 | AU8: =$C$8*CF!AX9/1000 -> 7.5526826e-12 | AV8: =$C$8*CF!AY9/1000 -> 3.1617846e-09 | AW8: =$C$8*CF!AZ9/1000 -> 1.1090768e-12 | ... BK8: =$C$8*CF!BN9/1000 -> 1.5391072e-16 | BM8: =$C$8*CF!BP9/1000 -> 7.5792258e-09 | BN8: =$C$8*CF!BQ9/1000 -> 2.2671101e-11 | BO8: =$C$8*CF!BR9/1000 -> 0.00016078203 | BQ8: =$C$8*CF!BT9/1000 -> 3.1577543e-07 | BR8: =$C$8*CF!BU9/1000 -> 1.5326473e-08 | BS8: =$C$8*CF!BV9/1000 -> 5.7353922e-09 | BU8: =$C$8*CF!BX9/1000 -> 0.12631017 | BV8: =$C$8*CF!BY9/1000 -> 0.0061305891 | BW8: =$C$8*CF!BZ9/1000 -> 0.0011470784
A9: CuSO₄·5H₂O | B9: g | C9: 0.075789474 | D9: =$C$9*CF!G10/1000 -> 0.0001509082 | E9: =$C$9*CF!H10/1000 -> 2.9690643e-10 | F9: =$C$9*CF!I10/1000 -> 8.4994216e-06 | G9: =$C$9*CF!J10/1000 -> 1.3667058e-06 | H9: =$C$9*CF!K10/1000 -> 2.91951e-06 | I9: =$C$9*CF!L10/1000 -> 1.3951614e-06 | J9: =$C$9*CF!M10/1000 -> 8.2131689e-06 | K9: =$C$9*CF!N10/1000 -> 1.2826969e-06 | ... U9: =$C$9*CF!X10/1000 -> 3.1525848e-06 | V9: CuSO₄·5H₂O | W9: =$C$9*CF!Z10/1000 -> 1.8855616e-08 | X9: =$C$9*CF!AA10/1000 -> 4.955266e-09 | Y9: =$C$9*CF!AB10/1000 -> 1.7688967e-08 | Z9: =$C$9*CF!AC10/1000 -> 6.6401273e-08 | AA9: =$C$9*CF!AD10/1000 -> 1.141263e-07 | AB9: =$C$9*CF!AE10/1000 -> 7.8706944e-08 | AC9: =$C$9*CF!AF10/1000 -> 2.0018338e-07 | AD9: =$C$9*CF!AG10/1000 -> 1.9778991e-06 | ... AN9: =$C$9*CF!AQ10/1000 -> 1.1798783e-08 | AP9: =$C$9*CF!AS10/1000 -> 1.3983527e-10 | AQ9: =$C$9*CF!AT10/1000 -> 4.2077131e-13 | AR9: =$C$9*CF!AU10/1000 -> 1.1547484e-17 | AS9: =$C$9*CF!AV10/1000 -> 1.5766756e-13 | AT9: =$C$9*CF!AW10/1000 -> 7.228141e-14 | AU9: =$C$9*CF!AX10/1000 -> 1.2442181e-12 | AV9: =$C$9*CF!AY10/1000 -> 1.8313289e-09 | AW9: =$C$9*CF!AZ10/1000 -> 1.8005563e-13 | ... BK9: =$C$9*CF!BN10/1000 -> 2.406577e-18 | BM9: =$C$9*CF!BP10/1000 -> 5.2027946e-09 | BN9: =$C$9*CF!BQ10/1000 -> 4.8870547e-12 | BO9: =$C$9*CF!BR10/1000 -> 1.5221831e-05 | BQ9: =$C$9*CF!BT10/1000 -> 2.167655e-07 | BR9: =$C$9*CF!BU10/1000 -> 3.3038233e-09 | BS9: =$C$9*CF!BV10/1000 -> 5.4299086e-10 | BU9: =$C$9*CF!BX10/1000 -> 0.086706201 | BV9: =$C$9*CF!BY10/1000 -> 0.0013215293 | BW9: =$C$9*CF!BZ10/1000 -> 0.00010859817
A10: DI water—synthesis | B10: L=kg | C10: 0.210527 | D10: =$C$10*CF!G11 -> 0.00010189507 | E10: =$C$10*CF!H11 -> 9.2210826e-11 | F10: =$C$10*CF!I11 -> 6.7579167e-06 | G10: =$C$10*CF!J11 -> 2.4000078e-07 | H10: =$C$10*CF!K11 -> 2.6315875e-07 | I10: =$C$10*CF!L11 -> 2.4842186e-07 | J10: =$C$10*CF!M11 -> 6.5894951e-07 | K10: =$C$10*CF!N11 -> 4.5684359e-08 | ... U10: =$C$10*CF!X11 -> 0.00020315856 | V10: DI water | W10: =$C$10*CF!Z11 -> 1.2731543e-08 | X10: =$C$10*CF!AA11 -> 1.5389669e-09 | Y10: =$C$10*CF!AB11 -> 1.4064553e-08 | Z10: =$C$10*CF!AC11 -> 1.1660415e-08 | AA10: =$C$10*CF!AD11 -> 1.0287115e-08 | AB10: =$C$10*CF!AE11 -> 1.4014525e-08 | AC10: =$C$10*CF!AF11 -> 1.6060882e-08 | AD10: =$C$10*CF!AG11 -> 7.0444584e-08 | ... AN10: =$C$10*CF!AQ11 -> 7.6033598e-07 | AP10: =$C$10*CF!AS11 -> 9.4418487e-11 | AQ10: =$C$10*CF!AT11 -> 2.8410994e-13 | AR10: =$C$10*CF!AU11 -> 7.7970025e-18 | AS10: =$C$10*CF!AV11 -> 4.896713e-14 | AT10: =$C$10*CF!AW11 -> 5.7471175e-14 | AU10: =$C$10*CF!AX11 -> 2.1849129e-13 | AV10: =$C$10*CF!AY11 -> 1.650723e-10 | AW10: =$C$10*CF!AZ11 -> 3.206063e-14 | ... BK10: =$C$10*CF!BN11 -> 1.5508439e-16 | BM10: =$C$10*CF!BP11 -> 7.532925e-10 | BN10: =$C$10*CF!BQ11 -> 3.0125952e-12 | BO10: =$C$10*CF!BR11 -> 5.9506332e-06 | BQ10: =$C$10*CF!BT11 -> 3.1384639e-08 | BR10: =$C$10*CF!BU11 -> 2.0366218e-09 | BS10: =$C$10*CF!BV11 -> 2.1227009e-10 | BU10: =$C$10*CF!BX11 -> 0.012553855 | BV10: =$C$10*CF!BY11 -> 0.00081464873 | BW10: =$C$10*CF!BZ11 -> 4.2454017e-05
A11: Electricity, Grid | B11: kWh | C11: 15.789474 | D11: =$C$11*CF!G6 -> 12.584211 | E11: =$C$11*CF!H6 -> 3.363158e-06 | F11: =$C$11*CF!I6 -> 0.038684211 | G11: =$C$11*CF!J6 -> 0.020052632 | H11: =$C$11*CF!K6 -> 0.011557895 | I11: =$C$11*CF!L6 -> 0.021 | J11: =$C$11*CF!M6 -> 0.030000001 | K11: =$C$11*CF!N6 -> 0.0080526317 | ... U11: =$C$11*CF!X6 -> 0.053210527 | V11: Electricity, grid | W11: =$C$11*CF!Z6 -> 0.0015723668 | X11: =$C$11*CF!AA6 -> 5.6129947e-05 | Y11: =$C$11*CF!AB6 -> 8.0509448e-05 | Z11: =$C$11*CF!AC6 -> 0.00097425523 | AA11: =$C$11*CF!AD6 -> 0.00045180862 | AB11: =$C$11*CF!AE6 -> 0.0011846986 | AC11: =$C$11*CF!AF6 -> 0.00073120395 | AD11: =$C$11*CF!AG6 -> 0.012417035 | ... AN11: =$C$11*CF!AQ6 -> 0.00019914435 | AP11: =$C$11*CF!AS6 -> 1.1660841e-05 | AQ11: =$C$11*CF!AT6 -> 3.5088052e-08 | AR11: =$C$11*CF!AU6 -> 9.629428e-13 | AS11: =$C$11*CF!AV6 -> 1.7859529e-09 | AT11: =$C$11*CF!AW6 -> 3.2898113e-10 | AU11: =$C$11*CF!AX6 -> 1.8255463e-08 | AV11: =$C$11*CF!AY6 -> 7.249952e-06 | AW11: =$C$11*CF!AZ6 -> 2.7102013e-09 | ... BK11: =$C$11*CF!BN6 -> 4.0619123e-14 | BM11: =$C$11*CF!BP6 -> 2.4115783e-05 | BN11: =$C$11*CF!BQ6 -> 5.1904518e-08 | BO11: =$C$11*CF!BR6 -> 0.86627911 | BQ11: =$C$11*CF!BT6 -> 0.0010047427 | BR11: =$C$11*CF!BU6 -> 3.5089305e-05 | BS11: =$C$11*CF!BV6 -> 3.0901778e-05 | BU11: =$C$11*CF!BX6 -> 401.89708 | BV11: =$C$11*CF!BY6 -> 14.035722 | BW11: =$C$11*CF!BZ6 -> 6.1803555
A12: Waste contaminated wash water | B12: L | C12: =C10*0.9 -> 0.1894743 | D12: =$C$12*CF!G12/1000 -> 5.418965e-05 | E12: =$C$12*CF!H12/1000 -> 1.5593735e-10 | F12: =$C$12*CF!I12/1000 -> 2.0084276e-06 | G12: =$C$12*CF!J12/1000 -> 1.2922147e-07 | H12: =$C$12*CF!K12/1000 -> 8.0716052e-08 | I12: =$C$12*CF!L12/1000 -> 1.3320043e-07 | J12: =$C$12*CF!M12/1000 -> 1.5764262e-07 | K12: =$C$12*CF!N12/1000 -> 1.2031618e-06 | ... U12: =$C$12*CF!X12/1000 -> -0.00036000117 | V12: Wastewater | W12: =$C$12*CF!Z12/1000 -> 6.7708661e-09 | X12: =$C$12*CF!AA12/1000 -> 2.6025406e-09 | Y12: =$C$12*CF!AB12/1000 -> 4.1799326e-09 | Z12: =$C$12*CF!AC12/1000 -> 6.2782131e-09 | AA12: =$C$12*CF!AD12/1000 -> 3.1552638e-09 | AB12: =$C$12*CF!AE12/1000 -> 7.5143985e-09 | AC12: =$C$12*CF!AF12/1000 -> 3.8422967e-09 | AD12: =$C$12*CF!AG12/1000 -> 1.8552571e-06 | ... AN12: =$C$12*CF!AQ12/1000 -> -1.3473311e-06 | AP12: =$C$12*CF!AS12/1000 -> 5.0213468e-11 | AQ12: =$C$12*CF!AT12/1000 -> 1.5109483e-13 | AR12: =$C$12*CF!AU12/1000 -> 4.1465877e-18 | AS12: =$C$12*CF!AV12/1000 -> 8.2808112e-14 | AT12: =$C$12*CF!AW12/1000 -> 1.7080218e-14 | AU12: =$C$12*CF!AX12/1000 -> 1.1764031e-13 | AV12: =$C$12*CF!AY12/1000 -> 5.0630976e-11 | AW12: =$C$12*CF!AZ12/1000 -> 1.7190475e-14 | ... BK12: =$C$12*CF!BN12/1000 -> -2.7481276e-16 | BM12: =$C$12*CF!BP12/1000 -> -4.6053721e-10 | BN12: =$C$12*CF!BQ12/1000 -> -3.3571874e-12 | BO12: =$C$12*CF!BR12/1000 -> 2.6865989e-06 | BQ12: =$C$12*CF!BT12/1000 -> -1.9187492e-08 | BR12: =$C$12*CF!BU12/1000 -> -2.2695784e-09 | BS12: =$C$12*CF!BV12/1000 -> 9.5835948e-11 | BU12: =$C$12*CF!BX12/1000 -> -0.007674997 | BV12: =$C$12*CF!BY12/1000 -> -0.00090783136 | BW12: =$C$12*CF!BZ12/1000 -> 1.916719e-05
C13: Total | D13: =SUM(D7:D12) -> 12.594577 | E13: =SUM(E7:E12) -> 3.3787604e-06 | F13: =SUM(F7:F12) -> 0.039064466 | G13: =SUM(G7:G12) -> 0.020081506 | H13: =SUM(H7:H12) -> 0.011582936 | I13: =SUM(I7:I12) -> 0.021029739 | J13: =SUM(J7:J12) -> 0.030066616 | K13: =SUM(K7:K12) -> 0.0080607504 | ... U13: =SUM(U7:U12) -> 0.053327827 | W13: =SUM(W7:W12) -> 0.001573662 | X13: =SUM(X7:X12) -> 5.6390346e-05 | Y13: =SUM(Y7:Y12) -> 8.1300832e-05 | Z13: =SUM(Z7:Z12) -> 0.00097565809 | AA13: =SUM(AA7:AA12) -> 0.00045278749 | AB13: =SUM(AB7:AB12) -> 0.0011863763 | AC13: =SUM(AC7:AC12) -> 0.00073282759 | AD13: =SUM(AD7:AD12) -> 0.012429554 | ... AN13: =SUM(AN7:AN12) -> 0.00019958335 | AP13: =SUM(AP7:AP12) -> 1.1670446e-05 | AQ13: =SUM(AQ7:AQ12) -> 3.5116955e-08 | AR13: =SUM(AR7:AR12) -> 9.6373601e-13 | AS13: =SUM(AS7:AS12) -> 1.7942383e-09 | AT13: =SUM(AT7:AT12) -> 3.3221492e-10 | AU13: =SUM(AU7:AU12) -> 1.8281749e-08 | AV13: =SUM(AV7:AV12) -> 7.2656594e-06 | AW13: =SUM(AW7:AW12) -> 2.7140393e-09 | ... BK13: =SUM(BK7:BK12) -> 4.0708666e-14 | BM13: =SUM(BM7:BM12) -> 2.414987e-05 | BN13: =SUM(BN7:BN12) -> 5.1971167e-08 | BO13: =SUM(BO7:BO12) -> 0.86709845 | BQ13: =SUM(BQ7:BQ12) -> 0.0010061629 | BR13: =SUM(BR7:BR12) -> 3.5134363e-05 | BS13: =SUM(BS7:BS12) -> 3.0931005e-05 | BU13: =SUM(BU7:BU12) -> 402.46516 | BV13: =SUM(BV7:BV12) -> 14.053745 | BW13: =SUM(BW7:BW12) -> 6.186201 | BX13: =SUM(BU13:BW13) -> 422.7051
A18: Inventory flow | B18: Unit/FU | C18: Solar-modified TiO₂
A19: Reference product | B19: g | C19: 1
A20: TiO₂ anatase/precursor | B20: g | C20: 1.052632 | D20: =$C$20*CF!G8/1000 -> 0.0072000029 | E20: =$C$20*CF!H8/1000 -> 2.0842114e-09 | F20: =$C$20*CF!I8/1000 -> 0.00022631588 | G20: =$C$20*CF!J8/1000 -> 1.8842113e-05 | H20: =$C$20*CF!K8/1000 -> 1.6736849e-05 | I20: =$C$20*CF!L8/1000 -> 1.9368429e-05 | J20: =$C$20*CF!M8/1000 -> 4.3157912e-05 | K20: =$C$20*CF!N8/1000 -> 4.4947386e-06 | ... U20: =$C$20*CF!X8/1000 -> 6.9368449e-05 | V20: TiO₂ | W20: =$C$20*CF!Z8/1000 -> 8.99623e-07 | X20: =$C$20*CF!AA8/1000 -> 3.4784769e-08 | Y20: =$C$20*CF!AB8/1000 -> 4.7100784e-07 | Z20: =$C$20*CF!AC8/1000 -> 9.1544227e-07 | AA20: =$C$20*CF!AD8/1000 -> 6.5425863e-07 | AB20: =$C$20*CF!AE8/1000 -> 1.0926548e-06 | AC20: =$C$20*CF!AF8/1000 -> 1.0519078e-06 | AD20: =$C$20*CF!AG8/1000 -> 6.9308184e-06 | ... AN20: =$C$20*CF!AQ8/1000 -> 2.5961657e-07 | AP20: =$C$20*CF!AS8/1000 -> 6.6717005e-09 | AQ20: =$C$20*CF!AT8/1000 -> 2.007548e-11 | AR20: =$C$20*CF!AU8/1000 -> 5.5094364e-16 | AS20: =$C$20*CF!AV8/1000 -> 1.1067881e-12 | AT20: =$C$20*CF!AW8/1000 -> 1.9246523e-12 | AU20: =$C$20*CF!AX8/1000 -> 1.7153434e-11 | AV20: =$C$20*CF!AY8/1000 -> 1.0498568e-08 | AW20: =$C$20*CF!AZ8/1000 -> 2.4996352e-12 | ... BK20: =$C$20*CF!BN8/1000 -> 5.2953536e-17 | BM20: =$C$20*CF!BP8/1000 -> 2.101281e-08 | BN20: =$C$20*CF!BQ8/1000 -> 3.9435325e-11 | BO20: =$C$20*CF!BR8/1000 -> 0.00063469117 | BQ20: =$C$20*CF!BT8/1000 -> 8.7546267e-07 | BR20: =$C$20*CF!BU8/1000 -> 2.6659686e-08 | BS20: =$C$20*CF!BV8/1000 -> 2.2640608e-08 | BU20: =$C$20*CF!BX8/1000 -> 0.35018507 | BV20: =$C$20*CF!BY8/1000 -> 0.010663875 | BW20: =$C$20*CF!BZ8/1000 -> 0.0045281215
A21: D-Glucose | B21: g | C21: 1.6526316 | D21: =$C$21*CF!G9/1000 -> 0.0028590526 | E21: =$C$21*CF!H9/1000 -> 1.2973158e-08 | F21: =$C$21*CF!I9/1000 -> 0.00013667263 | G21: =$C$21*CF!J9/1000 -> 8.2962105e-06 | H21: =$C$21*CF!K9/1000 -> 5.0405263e-06 | I21: =$C$21*CF!L9/1000 -> 8.5936842e-06 | J21: =$C$21*CF!M9/1000 -> 1.4427474e-05 | K21: =$C$21*CF!N9/1000 -> 1.0923895e-06 | ... U21: =$C$21*CF!X9/1000 -> 0.00020162105 | V21: D-Glucose | W21: =$C$21*CF!Z9/1000 -> 3.5723173e-07 | X21: =$C$21*CF!AA9/1000 -> 2.1651753e-07 | Y21: =$C$21*CF!AB9/1000 -> 2.8444261e-07 | Z21: =$C$21*CF!AC9/1000 -> 4.0307061e-07 | AA21: =$C$21*CF!AD9/1000 -> 1.9703876e-07 | AB21: =$C$21*CF!AE9/1000 -> 4.8480599e-07 | AC21: =$C$21*CF!AF9/1000 -> 3.5164752e-07 | AD21: =$C$21*CF!AG9/1000 -> 1.6844479e-06 | ... AN21: =$C$21*CF!AQ9/1000 -> 7.5458176e-07 | AP21: =$C$21*CF!AS9/1000 -> 2.6492688e-09 | AQ21: =$C$21*CF!AT9/1000 -> 7.9717821e-12 | AR21: =$C$21*CF!AU9/1000 -> 2.1877448e-16 | AS21: =$C$21*CF!AV9/1000 -> 6.8891944e-12 | AT21: =$C$21*CF!AW9/1000 -> 1.1623015e-12 | AU21: =$C$21*CF!AX9/1000 -> 7.5526826e-12 | AV21: =$C$21*CF!AY9/1000 -> 3.1617846e-09 | AW21: =$C$21*CF!AZ9/1000 -> 1.1090768e-12 | ... BK21: =$C$21*CF!BN9/1000 -> 1.5391072e-16 | BM21: =$C$21*CF!BP9/1000 -> 7.5792258e-09 | BN21: =$C$21*CF!BQ9/1000 -> 2.2671101e-11 | BO21: =$C$21*CF!BR9/1000 -> 0.00016078203 | BQ21: =$C$21*CF!BT9/1000 -> 3.1577543e-07 | BR21: =$C$21*CF!BU9/1000 -> 1.5326473e-08 | BS21: =$C$21*CF!BV9/1000 -> 5.7353922e-09 | BU21: =$C$21*CF!BX9/1000 -> 0.12631017 | BV21: =$C$21*CF!BY9/1000 -> 0.0061305891 | BW21: =$C$21*CF!BZ9/1000 -> 0.0011470784
A22: CuSO₄·5H₂O | B22: g | C22: 0.075789474 | D22: =$C$22*CF!G10/1000 -> 0.0001509082 | E22: =$C$22*CF!H10/1000 -> 2.9690643e-10 | F22: =$C$22*CF!I10/1000 -> 8.4994216e-06 | G22: =$C$22*CF!J10/1000 -> 1.3667058e-06 | H22: =$C$22*CF!K10/1000 -> 2.91951e-06 | I22: =$C$22*CF!L10/1000 -> 1.3951614e-06 | J22: =$C$22*CF!M10/1000 -> 8.2131689e-06 | K22: =$C$22*CF!N10/1000 -> 1.2826969e-06 | ... U22: =$C$22*CF!X10/1000 -> 3.1525848e-06 | V22: CuSO₄·5H₂O | W22: =$C$22*CF!Z10/1000 -> 1.8855616e-08 | X22: =$C$22*CF!AA10/1000 -> 4.955266e-09 | Y22: =$C$22*CF!AB10/1000 -> 1.7688967e-08 | Z22: =$C$22*CF!AC10/1000 -> 6.6401273e-08 | AA22: =$C$22*CF!AD10/1000 -> 1.141263e-07 | AB22: =$C$22*CF!AE10/1000 -> 7.8706944e-08 | AC22: =$C$22*CF!AF10/1000 -> 2.0018338e-07 | AD22: =$C$22*CF!AG10/1000 -> 1.9778991e-06 | ... AN22: =$C$22*CF!AQ10/1000 -> 1.1798783e-08 | AP22: =$C$22*CF!AS10/1000 -> 1.3983527e-10 | AQ22: =$C$22*CF!AT10/1000 -> 4.2077131e-13 | AR22: =$C$22*CF!AU10/1000 -> 1.1547484e-17 | AS22: =$C$22*CF!AV10/1000 -> 1.5766756e-13 | AT22: =$C$22*CF!AW10/1000 -> 7.228141e-14 | AU22: =$C$22*CF!AX10/1000 -> 1.2442181e-12 | AV22: =$C$22*CF!AY10/1000 -> 1.8313289e-09 | AW22: =$C$22*CF!AZ10/1000 -> 1.8005563e-13 | ... BK22: =$C$22*CF!BN10/1000 -> 2.406577e-18 | BM22: =$C$22*CF!BP10/1000 -> 5.2027946e-09 | BN22: =$C$22*CF!BQ10/1000 -> 4.8870547e-12 | BO22: =$C$22*CF!BR10/1000 -> 1.5221831e-05 | BQ22: =$C$22*CF!BT10/1000 -> 2.167655e-07 | BR22: =$C$22*CF!BU10/1000 -> 3.3038233e-09 | BS22: =$C$22*CF!BV10/1000 -> 5.4299086e-10 | BU22: =$C$22*CF!BX10/1000 -> 0.086706201 | BV22: =$C$22*CF!BY10/1000 -> 0.0013215293 | BW22: =$C$22*CF!BZ10/1000 -> 0.00010859817
A23: DI water—synthesis | B23: L | C23: =C10 -> 0.210527 | D23: =$C$23*CF!G11/1000 -> 1.0189507e-07 | E23: =$C$23*CF!H11/1000 -> 9.2210826e-14 | F23: =$C$23*CF!I11/1000 -> 6.7579167e-09 | G23: =$C$23*CF!J11/1000 -> 2.4000078e-10 | H23: =$C$23*CF!K11/1000 -> 2.6315875e-10 | I23: =$C$23*CF!L11/1000 -> 2.4842186e-10 | J23: =$C$23*CF!M11/1000 -> 6.5894951e-10 | K23: =$C$23*CF!N11/1000 -> 4.5684359e-11 | ... U23: =$C$23*CF!X11/1000 -> 2.0315856e-07 | V23: DI water | W23: =$C$23*CF!Z11/1000 -> 1.2731543e-11 | X23: =$C$23*CF!AA11/1000 -> 1.5389669e-12 | Y23: =$C$23*CF!AB11/1000 -> 1.4064553e-11 | Z23: =$C$23*CF!AC11/1000 -> 1.1660415e-11 | AA23: =$C$23*CF!AD11/1000 -> 1.0287115e-11 | AB23: =$C$23*CF!AE11/1000 -> 1.4014525e-11 | AC23: =$C$23*CF!AF11/1000 -> 1.6060882e-11 | AD23: =$C$23*CF!AG11/1000 -> 7.0444584e-11 | ... AN23: =$C$23*CF!AQ11/1000 -> 7.6033598e-10 | AP23: =$C$23*CF!AS11/1000 -> 9.4418487e-14 | AQ23: =$C$23*CF!AT11/1000 -> 2.8410994e-16 | AR23: =$C$23*CF!AU11/1000 -> 7.7970025e-21 | AS23: =$C$23*CF!AV11/1000 -> 4.896713e-17 | AT23: =$C$23*CF!AW11/1000 -> 5.7471175e-17 | AU23: =$C$23*CF!AX11/1000 -> 2.1849129e-16 | AV23: =$C$23*CF!AY11/1000 -> 1.650723e-13 | AW23: =$C$23*CF!AZ11/1000 -> 3.206063e-17 | ... BK23: =$C$23*CF!BN11/1000 -> 1.5508439e-19 | BM23: =$C$23*CF!BP11/1000 -> 7.532925e-13 | BN23: =$C$23*CF!BQ11/1000 -> 3.0125952e-15 | BO23: =$C$23*CF!BR11/1000 -> 5.9506332e-09 | BQ23: =$C$23*CF!BT11/1000 -> 3.1384639e-11 | BR23: =$C$23*CF!BU11/1000 -> 2.0366218e-12 | BS23: =$C$23*CF!BV11/1000 -> 2.1227009e-13 | BU23: =$C$23*CF!BX11/1000 -> 1.2553855e-05 | BV23: =$C$23*CF!BY11/1000 -> 8.1464873e-07 | BW23: =$C$23*CF!BZ11/1000 -> 4.2454017e-08
A24: Electricity, PV | B24: kWh | C24: 6.810526 | D24: =$C$24*CF!G7 -> 0.43927893 | E24: =$C$24*CF!H7 -> 1.7571157e-07 | F24: =$C$24*CF!I7 -> 0.032213788 | G24: =$C$24*CF!J7 -> 0.0012327052 | H24: =$C$24*CF!K7 -> 0.0010556315 | I24: =$C$24*CF!L7 -> 0.0013008105 | J24: =$C$24*CF!M7 -> 0.0023632525 | K24: =$C$24*CF!N7 -> 0.00029966314 | ... U24: =$C$24*CF!X7 -> 0.015391789 | V24: Electricity, PV | W24: =$C$24*CF!Z7 -> 5.4886843e-05 | X24: =$C$24*CF!AA7 -> 2.9325655e-06 | Y24: =$C$24*CF!AB7 -> 6.7043225e-05 | Z24: =$C$24*CF!AC7 -> 5.9890866e-05 | AA24: =$C$24*CF!AD7 -> 4.1265596e-05 | AB24: =$C$24*CF!AE7 -> 7.3384207e-05 | AC24: =$C$24*CF!AF7 -> 5.7600651e-05 | AD24: =$C$24*CF!AG7 -> 0.00046207599 | ... AN24: =$C$24*CF!AQ7 -> 5.7604912e-05 | AP24: =$C$24*CF!AS7 -> 4.070467e-07 | AQ24: =$C$24*CF!AT7 -> 1.2248239e-09 | AR24: =$C$24*CF!AU7 -> 3.3613588e-14 | AS24: =$C$24*CF!AV7 -> 9.3308906e-11 | AT24: =$C$24*CF!AW7 -> 2.7395488e-10 | AU24: =$C$24*CF!AX7 -> 1.122227e-09 | AV24: =$C$24*CF!AY7 -> 6.6216884e-07 | AW24: =$C$24*CF!AZ7 -> 1.6787896e-10 | ... BK24: =$C$24*CF!BN7 -> 1.1749573e-14 | BM24: =$C$24*CF!BP7 -> 1.7324954e-06 | BN24: =$C$24*CF!BQ7 -> 2.7464778e-09 | BO24: =$C$24*CF!BR7 -> 0.027918561 | BQ24: =$C$24*CF!BT7 -> 7.2181447e-05 | BR24: =$C$24*CF!BU7 -> 1.856717e-06 | BS24: =$C$24*CF!BV7 -> 9.959067e-07 | BU24: =$C$24*CF!BX7 -> 28.872579 | BV24: =$C$24*CF!BY7 -> 0.74268679 | BW24: =$C$24*CF!BZ7 -> 0.19918134
A25: Waste contaminated wash water | B25: L | C25: =C12 -> 0.1894743 | D25: =$C$25*CF!G12/1000 -> 5.418965e-05 | E25: =$C$25*CF!H12/1000 -> 1.5593735e-10 | F25: =$C$25*CF!I12/1000 -> 2.0084276e-06 | G25: =$C$25*CF!J12/1000 -> 1.2922147e-07 | H25: =$C$25*CF!K12/1000 -> 8.0716052e-08 | I25: =$C$25*CF!L12/1000 -> 1.3320043e-07 | J25: =$C$25*CF!M12/1000 -> 1.5764262e-07 | K25: =$C$25*CF!N12/1000 -> 1.2031618e-06 | ... U25: =$C$25*CF!X12/1000 -> -0.00036000117 | V25: Wastewater | W25: =$C$25*CF!Z12/1000 -> 6.7708661e-09 | X25: =$C$25*CF!AA12/1000 -> 2.6025406e-09 | Y25: =$C$25*CF!AB12/1000 -> 4.1799326e-09 | Z25: =$C$25*CF!AC12/1000 -> 6.2782131e-09 | AA25: =$C$25*CF!AD12/1000 -> 3.1552638e-09 | AB25: =$C$25*CF!AE12/1000 -> 7.5143985e-09 | AC25: =$C$25*CF!AF12/1000 -> 3.8422967e-09 | AD25: =$C$25*CF!AG12/1000 -> 1.8552571e-06 | ... AN25: =$C$25*CF!AQ12/1000 -> -1.3473311e-06 | AP25: =$C$25*CF!AS12/1000 -> 5.0213468e-11 | AQ25: =$C$25*CF!AT12/1000 -> 1.5109483e-13 | AR25: =$C$25*CF!AU12/1000 -> 4.1465877e-18 | AS25: =$C$25*CF!AV12/1000 -> 8.2808112e-14 | AT25: =$C$25*CF!AW12/1000 -> 1.7080218e-14 | AU25: =$C$25*CF!AX12/1000 -> 1.1764031e-13 | AV25: =$C$25*CF!AY12/1000 -> 5.0630976e-11 | AW25: =$C$25*CF!AZ12/1000 -> 1.7190475e-14 | ... BK25: =$C$25*CF!BN12/1000 -> -2.7481276e-16 | BM25: =$C$25*CF!BP12/1000 -> -4.6053721e-10 | BN25: =$C$25*CF!BQ12/1000 -> -3.3571874e-12 | BO25: =$C$25*CF!BR12/1000 -> 2.6865989e-06 | BQ25: =$C$25*CF!BT12/1000 -> -1.9187492e-08 | BR25: =$C$25*CF!BU12/1000 -> -2.2695784e-09 | BS25: =$C$25*CF!BV12/1000 -> 9.5835948e-11 | BU25: =$C$25*CF!BX12/1000 -> -0.007674997 | BV25: =$C$25*CF!BY12/1000 -> -0.00090783136 | BW25: =$C$25*CF!BZ12/1000 -> 1.916719e-05
C26: Total | D26: =SUM(D20:D25) -> 0.44954318 | E26: =SUM(E20:E25) -> 1.9122188e-07 | F26: =SUM(F20:F25) -> 0.032587291 | G26: =SUM(G20:G25) -> 0.0012613397 | H26: =SUM(H20:H25) -> 0.0010804094 | I26: =SUM(I20:I25) -> 0.0013303012 | J26: =SUM(J20:J25) -> 0.0024292094 | K26: =SUM(K20:K25) -> 0.00030773618 | ... BW26: =SUM(BW20:BW25) -> 0.20498435 | BX26: =SUM(BU26:BW26) -> 30.392998

Sheet Results
B1: Midpoint LCIA result per unit
B2: Global warming | C2: Stratospheric ozone depletion | D2: Ionizing radiation | E2: Ozone formation, Human health | F2: Fine particulate matter formation | G2: Ozone formation, Terrestrial ecosystems | H2: Terrestrial acidification | I2: Freshwater eutrophication | J2: Marine eutrophication | K2: Terrestrial ecotoxicity | L2: Freshwater ecotoxicity | M2: Marine ecotoxicity | N2: Human carcinogenic toxicity | O2: Human non-carcinogenic toxicity | P2: Land use | Q2: Mineral resource scarcity | R2: Fossil resource scarcity | S2: Water consumption
B3: GWP | C3: SOD | D3: IR | E3: OF-HH | F3: FPMF | G3: OF-TE | H3: TA | I3: FE | J3: ME | K3: TET | L3: FET | M3: MET | N3: HCT | O3: HNT | P3: LU | Q3: MRS | R3: FRS | S3: WC
B4: kg CO2 eq | C4: kg CFC-11 eq | D4: kBq Co-60 eq | E4: kg NOx eq | F4: kg PM2.5 eq | G4: kg NOx eq | H4: kg SO2 eq | I4: kg P eq | J4: kg N eq | K4: kg 1,4-DCB | L4: kg 1,4-DCB | M4: kg 1,4-DCB | N4: kg 1,4-DCB | O4: kg 1,4-DCB | P4: m2 x yr crop eq | Q4: kg Cu eq | R4: kg oil eq | S4: m3
A5: Conventional Thermal TiO₂ | B5: =Analysis!D13 -> 12.594577 | C5: =Analysis!E13 -> 3.3787604e-06 | D5: =Analysis!F13 -> 0.039064466 | E5: =Analysis!G13 -> 0.020081506 | F5: =Analysis!H13 -> 0.011582936 | G5: =Analysis!I13 -> 0.021029739 | H5: =Analysis!J13 -> 0.030066616 | I5: =Analysis!K13 -> 0.0080607504 | ... S5: =Analysis!U13 -> 0.053327827
A6: Solar-modified TiO₂ | B6: =Analysis!D26 -> 0.44954318 | C6: =Analysis!E26 -> 1.9122188e-07 | D6: =Analysis!F26 -> 0.032587291 | E6: =Analysis!G26 -> 0.0012613397 | F6: =Analysis!H26 -> 0.0010804094 | G6: =Analysis!I26 -> 0.0013303012 | H6: =Analysis!J26 -> 0.0024292094 | I6: =Analysis!K26 -> 0.00030773618 | ... S6: =Analysis!U26 -> 0.015306133
B9: Normalized midpoint
B10: Global warming | C10: Stratospheric ozone depletion | D10: Ionizing radiation | E10: Ozone formation, Human health | F10: Fine particulate matter formation | G10: Ozone formation, Terrestrial ecosystems | H10: Terrestrial acidification | I10: Freshwater eutrophication | J10: Marine eutrophication | K10: Terrestrial ecotoxicity | L10: Freshwater ecotoxicity | M10: Marine ecotoxicity | N10: Human carcinogenic toxicity | O10: Human non-carcinogenic toxicity | P10: Land use | Q10: Mineral resource scarcity | R10: Fossil resource scarcity | S10: Water consumption
B11: GWP | C11: SOD | D11: IR | E11: OF-HH | F11: FPMF | G11: OF-TE | H11: TA | I11: FE | J11: ME | K11: TET | L11: FET | M11: MET | N11: HCT | O11: HNT | P11: LU | Q11: MRS | R11: FRS | S11: WC
A12: Conventional Thermal TiO₂ | B12: =Analysis!W13 -> 0.001573662 | C12: =Analysis!X13 -> 5.6390346e-05 | D12: =Analysis!Y13 -> 8.1300832e-05 | E12: =Analysis!Z13 -> 0.00097565809 | F12: =Analysis!AA13 -> 0.00045278749 | G12: =Analysis!AB13 -> 0.0011863763 | H12: =Analysis!AC13 -> 0.00073282759 | I12: =Analysis!AD13 -> 0.012429554 | ... S12: =Analysis!AN13 -> 0.00019958335
A13: Solar-modified TiO₂ | B13: =Analysis!W26 -> 5.6169337e-05 | C13: =Analysis!X26 -> 3.1914272e-06 | D13: =Analysis!Y26 -> 6.7820559e-05 | E13: =Analysis!Z26 -> 6.128207e-05 | F13: =Analysis!AA26 -> 4.2234185e-05 | G13: =Analysis!AB26 -> 7.5047903e-05 | H13: =Analysis!AC26 -> 5.9208248e-05 | I13: =Analysis!AD26 -> 0.00047452449 | ... S13: =Analysis!AN26 -> 5.7284339e-05
B16: Normalized endpoint result per unit | F16: Single score
B17: Human Health | C17: Ecosystems | D17: Resources | F17: mPt
A18: Conventional Thermal TiO₂ | B18: =Analysis!BQ13 -> 0.0010061629 | C18: =Analysis!BR13 -> 3.5134363e-05 | D18: =Analysis!BS13 -> 3.0931005e-05 | F18: =Analysis!BX13 -> 422.7051
A19: Solar-modified TiO₂ | B19: =Analysis!BQ26 -> 7.3570295e-05 | C19: =Analysis!BR26 -> 1.8997394e-06 | D19: =Analysis!BS26 -> 1.0249217e-06 | F19: =Analysis!BX26 -> 30.392998

Sheet Midpoint

Sheet Endpoint

Sheet 100%-Conv.

Sheet 100%-PV
